train_loss,step,epoch,train_mpjpe_3d,val_mpjpe_3d,val_loss,test_loss,test_mpjpe_3d
5266.66015625,19,0,95.00667572021484,,,,
4811.810546875,39,0,91.69635772705078,,,,
5412.8330078125,59,0,96.9577865600586,,,,
4916.05859375,79,0,92.81761932373047,,,,
4097.21875,99,0,85.07242584228516,,,,
5484.0859375,119,0,98.89881134033203,,,,
5443.76611328125,139,0,99.32794189453125,,,,
5066.9736328125,159,0,96.22300720214844,,,,
5130.29833984375,179,0,97.85453796386719,,,,
4883.75341796875,199,0,94.28595733642578,,,,
4629.138671875,219,0,93.80403137207031,,,,
5209.92431640625,239,0,99.60002899169922,,,,
4968.84375,259,0,97.61176300048828,,,,
4843.064453125,279,0,95.97106170654297,,,,
4161.50390625,299,0,90.00370788574219,,,,
4945.08544921875,319,0,98.3134994506836,,,,
4470.82763671875,339,0,93.2526626586914,,,,
5062.861328125,359,0,99.54400634765625,,,,
4736.55615234375,379,0,96.22447967529297,,,,
4405.390625,399,0,92.90280151367188,,,,
4353.85205078125,419,0,93.99223327636719,,,,
4441.65234375,439,0,92.7890625,,,,
,446,0,,104.31209564208984,1671.856689453125,,
2757.784423828125,459,1,99.24331665039062,,,,
1730.96533203125,479,1,93.86839294433594,,,,
1484.1864013671875,499,1,101.28939056396484,,,,
928.821533203125,519,1,94.65039825439453,,,,
615.4044799804688,539,1,91.04149627685547,,,,
387.9618225097656,559,1,87.4817123413086,,,,
312.64202880859375,579,1,94.35952758789062,,,,
188.66229248046875,599,1,90.07438659667969,,,,
119.32193756103516,619,1,90.66578674316406,,,,
77.3648910522461,639,1,89.63545989990234,,,,
52.249290466308594,659,1,91.8866195678711,,,,
34.69875717163086,679,1,93.22924041748047,,,,
24.369674682617188,699,1,93.20376586914062,,,,
19.30025291442871,719,1,94.7679443359375,,,,
14.973255157470703,739,1,91.6107177734375,,,,
13.709857940673828,759,1,94.85580444335938,,,,
12.672821044921875,779,1,86.23263549804688,,,,
12.435629844665527,799,1,84.87751007080078,,,,
12.651721954345703,819,1,91.69898986816406,,,,
12.462444305419922,839,1,85.33783721923828,,,,
12.365415573120117,859,1,87.75968933105469,,,,
12.250161170959473,879,1,81.99821472167969,,,,
,893,1,,93.04814910888672,4.281454086303711,,
227.96575927734375,899,2,115.7705307006836,,,,
12.158895492553711,919,2,85.0373764038086,,,,
11.889872550964355,939,2,77.46321105957031,,,,
11.810127258300781,959,2,76.28801727294922,,,,
12.040422439575195,979,2,85.45576477050781,,,,
11.818220138549805,999,2,78.62572479248047,,,,
11.892364501953125,1019,2,79.38655853271484,,,,
11.431661605834961,1039,2,71.43113708496094,,,,
11.640563011169434,1059,2,76.19644927978516,,,,
11.854612350463867,1079,2,78.4754638671875,,,,
11.670536994934082,1099,2,73.80823516845703,,,,
11.840312004089355,1119,2,78.2472915649414,,,,
11.360031127929688,1139,2,70.46292114257812,,,,
11.672713279724121,1159,2,69.70993041992188,,,,
11.78298282623291,1179,2,79.08973693847656,,,,
268.32257080078125,1199,2,84.31617736816406,,,,
11.47325611114502,1219,2,69.62843322753906,,,,
11.55555534362793,1239,2,67.2336654663086,,,,
11.287881851196289,1259,2,63.5246696472168,,,,
11.858733177185059,1279,2,69.42024993896484,,,,
11.375202178955078,1299,2,62.404930114746094,,,,
11.439444541931152,1319,2,66.31481170654297,,,,
11.283818244934082,1339,2,64.66190338134766,,,,
,1340,2,,71.51890563964844,4.169157981872559,,
11.107572555541992,1359,3,60.692138671875,,,,
11.105891227722168,1379,3,57.843101501464844,,,,
11.168200492858887,1399,3,58.03664016723633,,,,
11.408340454101562,1419,3,62.46955490112305,,,,
11.174766540527344,1439,3,59.926048278808594,,,,
11.141972541809082,1459,3,53.61300277709961,,,,
10.665395736694336,1479,3,48.23139953613281,,,,
10.79896354675293,1499,3,47.415706634521484,,,,
10.762239456176758,1519,3,46.274837493896484,,,,
10.516791343688965,1539,3,44.58858108520508,,,,
10.457592010498047,1559,3,42.451026916503906,,,,
10.704232215881348,1579,3,40.5288200378418,,,,
10.29760456085205,1599,3,38.29389190673828,,,,
10.320791244506836,1619,3,39.08586120605469,,,,
9.974750518798828,1639,3,35.155460357666016,,,,
10.30090618133545,1659,3,36.59779357910156,,,,
9.942107200622559,1679,3,33.70831298828125,,,,
9.956145286560059,1699,3,33.720367431640625,,,,
10.128037452697754,1719,3,37.37811279296875,,,,
9.583680152893066,1739,3,30.225046157836914,,,,
9.572484016418457,1759,3,28.692058563232422,,,,
9.699970245361328,1779,3,29.19452476501465,,,,
,1787,3,,34.67613983154297,4.082996368408203,,
417.7263488769531,1799,4,38.06856918334961,,,,
9.468267440795898,1819,4,28.73739242553711,,,,
105.51594543457031,1839,4,35.50868606567383,,,,
9.610036849975586,1859,4,30.182132720947266,,,,
9.61577320098877,1879,4,29.827468872070312,,,,
9.262331008911133,1899,4,26.939495086669922,,,,
240.62640380859375,1919,4,34.2454719543457,,,,
9.509735107421875,1939,4,29.884105682373047,,,,
9.224555969238281,1959,4,28.280797958374023,,,,
8.98908805847168,1979,4,24.084325790405273,,,,
9.07905387878418,1999,4,24.4419002532959,,,,
8.870217323303223,2019,4,23.726858139038086,,,,
9.045021057128906,2039,4,23.262569427490234,,,,
8.794342041015625,2059,4,21.715259552001953,,,,
8.87080192565918,2079,4,23.229774475097656,,,,
8.88392448425293,2099,4,22.30925750732422,,,,
8.676143646240234,2119,4,21.082992553710938,,,,
178.7775115966797,2139,4,32.8469352722168,,,,
8.338985443115234,2159,4,18.941972732543945,,,,
8.774969100952148,2179,4,21.633516311645508,,,,
8.80916976928711,2199,4,21.98137664794922,,,,
8.748323440551758,2219,4,22.726280212402344,,,,
,2234,4,,27.619632720947266,4.943181991577148,,
8.559410095214844,2239,5,20.791778564453125,,,,
8.958319664001465,2259,5,23.352537155151367,,,,
8.303628921508789,2279,5,18.754621505737305,,,,
9.5880765914917,2299,5,24.976655960083008,,,,
8.155263900756836,2319,5,18.27243423461914,,,,
9.372685432434082,2339,5,24.34792709350586,,,,
8.628894805908203,2359,5,21.044971466064453,,,,
8.581568717956543,2379,5,18.31536865234375,,,,
8.496393203735352,2399,5,20.461692810058594,,,,
8.14122200012207,2419,5,16.533212661743164,,,,
8.34048080444336,2439,5,18.773094177246094,,,,
8.17508316040039,2459,5,16.715959548950195,,,,
8.14899730682373,2479,5,17.3339900970459,,,,
7.998169898986816,2499,5,16.410234451293945,,,,
8.130314826965332,2519,5,16.860258102416992,,,,
8.251254081726074,2539,5,18.303035736083984,,,,
8.07805061340332,2559,5,16.20736312866211,,,,
7.797412395477295,2579,5,14.0508451461792,,,,
8.00734806060791,2599,5,16.1149959564209,,,,
8.21303939819336,2619,5,17.178483963012695,,,,
7.768444061279297,2639,5,14.687250137329102,,,,
8.34701156616211,2659,5,17.54723358154297,,,,
7.757553577423096,2679,5,15.527373313903809,,,,
,2681,5,,24.286575317382812,5.9381303787231445,,
7.835216522216797,2699,6,14.449201583862305,,,,
8.050434112548828,2719,6,16.140552520751953,,,,
8.112258911132812,2739,6,16.001556396484375,,,,
7.9015092849731445,2759,6,14.839432716369629,,,,
8.339365005493164,2779,6,19.108272552490234,,,,
7.449127674102783,2799,6,12.709529876708984,,,,
7.632017135620117,2819,6,13.762617111206055,,,,
7.561867713928223,2839,6,13.041936874389648,,,,
7.952550888061523,2859,6,14.458748817443848,,,,
7.423787593841553,2879,6,12.188307762145996,,,,
8.11878776550293,2899,6,15.052678108215332,,,,
129.3836212158203,2919,6,23.237686157226562,,,,
7.833568096160889,2939,6,14.830239295959473,,,,
7.593498706817627,2959,6,13.619406700134277,,,,
8.164473533630371,2979,6,17.19927215576172,,,,
7.325165748596191,2999,6,12.898411750793457,,,,
7.493681907653809,3019,6,12.648856163024902,,,,
7.61727237701416,3039,6,13.311612129211426,,,,
7.686245918273926,3059,6,14.933492660522461,,,,
7.581063270568848,3079,6,13.579572677612305,,,,
7.0534515380859375,3099,6,11.009772300720215,,,,
7.779399394989014,3119,6,14.696831703186035,,,,
,3128,6,,23.918865203857422,7.3139729499816895,,
7.495265960693359,3139,7,12.979191780090332,,,,
7.621318817138672,3159,7,13.534903526306152,,,,
7.340186595916748,3179,7,12.399892807006836,,,,
7.916025161743164,3199,7,14.510992050170898,,,,
7.400774955749512,3219,7,12.275184631347656,,,,
7.977880477905273,3239,7,14.736793518066406,,,,
7.625936031341553,3259,7,14.377296447753906,,,,
7.355201721191406,3279,7,11.837496757507324,,,,
7.275154113769531,3299,7,12.528158187866211,,,,
7.387412071228027,3319,7,13.370224952697754,,,,
7.252216339111328,3339,7,13.606643676757812,,,,
7.218667984008789,3359,7,12.461050033569336,,,,
7.107183933258057,3379,7,11.590725898742676,,,,
7.187017917633057,3399,7,11.635148048400879,,,,
7.190766334533691,3419,7,11.107015609741211,,,,
7.3109130859375,3439,7,12.8226957321167,,,,
8.687057495117188,3459,7,12.003814697265625,,,,
6.745316982269287,3479,7,9.774468421936035,,,,
7.499153137207031,3499,7,12.496129989624023,,,,
7.136242866516113,3519,7,11.387076377868652,,,,
7.6503190994262695,3539,7,13.253469467163086,,,,
7.438937187194824,3559,7,12.516658782958984,,,,
,3575,7,,22.530149459838867,7.801610946655273,,
6.796298503875732,3579,8,9.302864074707031,,,,
6.897027969360352,3599,8,9.911967277526855,,,,
7.7496137619018555,3619,8,14.326638221740723,,,,
6.956961631774902,3639,8,10.527873992919922,,,,
7.290732383728027,3659,8,11.825775146484375,,,,
7.225044250488281,3679,8,12.40957260131836,,,,
7.140256881713867,3699,8,10.556008338928223,,,,
7.059842109680176,3719,8,10.023612022399902,,,,
6.851485252380371,3739,8,10.10073471069336,,,,
7.170087814331055,3759,8,11.623891830444336,,,,
6.816197395324707,3779,8,9.4303617477417,,,,
7.266534805297852,3799,8,11.009690284729004,,,,
6.843746185302734,3819,8,10.14614486694336,,,,
7.324769973754883,3839,8,11.82821273803711,,,,
6.773371696472168,3859,8,10.045387268066406,,,,
6.739421844482422,3879,8,9.367587089538574,,,,
6.770596504211426,3899,8,9.627545356750488,,,,
6.98258113861084,3919,8,10.526063919067383,,,,
8.194786071777344,3939,8,13.268056869506836,,,,
6.99806547164917,3959,8,10.644124984741211,,,,
6.39345645904541,3979,8,8.397093772888184,,,,
6.897627353668213,3999,8,10.046577453613281,,,,
6.883689880371094,4019,8,9.848402976989746,,,,
,4022,8,,22.126619338989258,7.922422885894775,,
6.818629264831543,4039,9,9.909282684326172,,,,
6.6347150802612305,4059,9,9.199919700622559,,,,
6.7476806640625,4079,9,9.54203987121582,,,,
540.5941772460938,4099,9,27.00640869140625,,,,
6.678955078125,4119,9,9.4104585647583,,,,
6.666353225708008,4139,9,9.451226234436035,,,,
34.76381301879883,4159,9,21.599308013916016,,,,
6.688441276550293,4179,9,9.432973861694336,,,,
7.077152729034424,4199,9,10.242831230163574,,,,
6.6490349769592285,4219,9,9.049678802490234,,,,
6.61981201171875,4239,9,9.289497375488281,,,,
6.779120445251465,4259,9,9.931056022644043,,,,
7.1710052490234375,4279,9,10.418148040771484,,,,
6.894819736480713,4299,9,10.201663970947266,,,,
6.92120361328125,4319,9,10.97632122039795,,,,
6.6519317626953125,4339,9,9.166104316711426,,,,
6.854639053344727,4359,9,10.06558895111084,,,,
6.676399230957031,4379,9,9.284261703491211,,,,
6.633313179016113,4399,9,9.339768409729004,,,,
6.7586846351623535,4419,9,9.644277572631836,,,,
6.541895866394043,4439,9,9.132678031921387,,,,
6.741693496704102,4459,9,9.663259506225586,,,,
,4469,9,,20.312511444091797,8.615283012390137,,
6.856208801269531,4479,10,10.736696243286133,,,,
6.421169281005859,4499,10,8.880971908569336,,,,
6.437451362609863,4519,10,8.139634132385254,,,,
7.037817001342773,4539,10,10.733304977416992,,,,
6.721560955047607,4559,10,8.906668663024902,,,,
6.956456184387207,4579,10,10.584310531616211,,,,
24.272192001342773,4599,10,21.998666763305664,,,,
6.680769920349121,4619,10,9.448524475097656,,,,
6.446138381958008,4639,10,8.502043724060059,,,,
6.73616886138916,4659,10,9.670415878295898,,,,
9.912284851074219,4679,10,10.577570915222168,,,,
6.575665473937988,4699,10,8.961857795715332,,,,
6.2788238525390625,4719,10,8.112896919250488,,,,
6.819599151611328,4739,10,9.114548683166504,,,,
6.431764125823975,4759,10,8.560302734375,,,,
6.694019317626953,4779,10,8.839630126953125,,,,
6.397880554199219,4799,10,7.806594371795654,,,,
6.485762119293213,4819,10,8.683959007263184,,,,
6.829061508178711,4839,10,10.247518539428711,,,,
7.302142143249512,4859,10,10.917339324951172,,,,
6.819355010986328,4879,10,9.791692733764648,,,,
6.585230827331543,4899,10,8.858405113220215,,,,
,4916,10,,21.761323928833008,11.378613471984863,,
6.409379959106445,4919,11,8.712921142578125,,,,
7.13870906829834,4939,11,10.83609390258789,,,,
6.53286075592041,4959,11,9.252951622009277,,,,
6.280938148498535,4979,11,8.308121681213379,,,,
7.340466499328613,4999,11,11.271485328674316,,,,
6.214151382446289,5019,11,8.276134490966797,,,,
6.290240287780762,5039,11,7.750909805297852,,,,
6.723349571228027,5059,11,9.589030265808105,,,,
6.311768531799316,5079,11,8.54124641418457,,,,
7.39601993560791,5099,11,10.368645668029785,,,,
6.824589252471924,5119,11,9.59859848022461,,,,
6.737421989440918,5139,11,10.120804786682129,,,,
7.090910911560059,5159,11,10.907391548156738,,,,
6.635934829711914,5179,11,8.659358978271484,,,,
6.319616794586182,5199,11,8.31876277923584,,,,
6.323654651641846,5219,11,8.041772842407227,,,,
5.970191955566406,5239,11,7.152010440826416,,,,
6.414312362670898,5259,11,8.617879867553711,,,,
7.205427169799805,5279,11,9.63210391998291,,,,
6.632347106933594,5299,11,9.432455062866211,,,,
6.055512428283691,5319,11,7.494786739349365,,,,
6.488920211791992,5339,11,8.967390060424805,,,,
6.611101150512695,5359,11,9.063411712646484,,,,
,5363,11,,20.153635025024414,10.063151359558105,,
7.020927429199219,5379,12,9.795547485351562,,,,
6.040455341339111,5399,12,7.418623447418213,,,,
6.402365684509277,5419,12,8.250046730041504,,,,
6.614699363708496,5439,12,8.833359718322754,,,,
6.890563488006592,5459,12,9.129444122314453,,,,
6.417985916137695,5479,12,8.251017570495605,,,,
6.4135565757751465,5499,12,8.213140487670898,,,,
6.6876726150512695,5519,12,9.664070129394531,,,,
6.503410339355469,5539,12,8.49612045288086,,,,
6.454575538635254,5559,12,8.811885833740234,,,,
7.033621788024902,5579,12,9.849287033081055,,,,
6.425724506378174,5599,12,8.575593948364258,,,,
6.685097694396973,5619,12,9.133733749389648,,,,
6.751615524291992,5639,12,9.114218711853027,,,,
6.210116863250732,5659,12,7.680631637573242,,,,
6.379289150238037,5679,12,7.604504108428955,,,,
6.517343521118164,5699,12,8.478029251098633,,,,
6.279867172241211,5719,12,8.354774475097656,,,,
6.376206874847412,5739,12,8.593191146850586,,,,
10.686616897583008,5759,12,20.330209732055664,,,,
6.517271041870117,5779,12,9.393370628356934,,,,
5.934092998504639,5799,12,7.279036998748779,,,,
,5810,12,,20.33731460571289,12.866724014282227,,
6.424907684326172,5819,13,8.192842483520508,,,,
428.3815002441406,5839,13,21.752944946289062,,,,
6.206831932067871,5859,13,7.621337890625,,,,
6.52199649810791,5879,13,8.74075698852539,,,,
6.698843002319336,5899,13,8.937211036682129,,,,
6.118466377258301,5919,13,7.780936241149902,,,,
6.218615531921387,5939,13,8.177209854125977,,,,
6.073196887969971,5959,13,7.677696228027344,,,,
6.199095726013184,5979,13,7.7736382484436035,,,,
11.170949935913086,5999,13,8.46049976348877,,,,
7.458770751953125,6019,13,9.00676155090332,,,,
6.581243515014648,6039,13,8.992300033569336,,,,
6.293813705444336,6059,13,8.5244779586792,,,,
6.946239948272705,6079,13,8.825124740600586,,,,
6.574013710021973,6099,13,8.755205154418945,,,,
6.747809410095215,6119,13,9.08784008026123,,,,
6.007152557373047,6139,13,7.482568740844727,,,,
6.605518341064453,6159,13,9.078798294067383,,,,
6.431387901306152,6179,13,8.440764427185059,,,,
5.66316556930542,6199,13,6.180928707122803,,,,
5.760124206542969,6219,13,6.271442413330078,,,,
6.298762798309326,6239,13,8.4153470993042,,,,
,6257,13,,20.56230354309082,11.596354484558105,,
6.359219551086426,6259,14,8.573402404785156,,,,
6.237486839294434,6279,14,7.469551086425781,,,,
6.48984432220459,6299,14,8.544732093811035,,,,
6.06180477142334,6319,14,7.357987403869629,,,,
6.662877082824707,6339,14,8.38036823272705,,,,
6.098110198974609,6359,14,6.864616870880127,,,,
6.531674385070801,6379,14,8.57353401184082,,,,
6.327127456665039,6399,14,7.877756118774414,,,,
7.917372703552246,6419,14,19.15159797668457,,,,
6.4378156661987305,6439,14,8.632872581481934,,,,
6.146750450134277,6459,14,7.634228229522705,,,,
6.164052486419678,6479,14,7.635595321655273,,,,
6.049224853515625,6499,14,7.519898891448975,,,,
5.729957580566406,6519,14,6.172269821166992,,,,
6.274606227874756,6539,14,7.754683971405029,,,,
5.94546365737915,6559,14,7.174819469451904,,,,
5.923892974853516,6579,14,7.060878276824951,,,,
6.706052303314209,6599,14,8.773713111877441,,,,
6.208226680755615,6619,14,7.865753173828125,,,,
6.231897354125977,6639,14,7.439736843109131,,,,
7.039856910705566,6659,14,9.080928802490234,,,,
6.060839653015137,6679,14,7.143009662628174,,,,
5.620146751403809,6699,14,6.02914571762085,,,,
,6704,14,,20.93476676940918,13.252104759216309,,
6.166342735290527,6719,15,7.660365104675293,,,,
6.272700309753418,6739,15,7.725976943969727,,,,
6.430478096008301,6759,15,8.299967765808105,,,,
6.401975631713867,6779,15,7.834156036376953,,,,
5.949091911315918,6799,15,6.972926616668701,,,,
6.064650058746338,6819,15,7.565420150756836,,,,
6.653363227844238,6839,15,7.755448341369629,,,,
6.301543235778809,6859,15,8.078476905822754,,,,
5.974056243896484,6879,15,6.991780757904053,,,,
6.276217460632324,6899,15,8.038673400878906,,,,
6.461085319519043,6919,15,8.91209602355957,,,,
6.335976600646973,6939,15,8.04000473022461,,,,
6.335055351257324,6959,15,8.0857572555542,,,,
6.0399675369262695,6979,15,7.588071823120117,,,,
6.316094875335693,6999,15,7.518918037414551,,,,
5.945135116577148,7019,15,7.122190475463867,,,,
5.980594635009766,7039,15,7.2884087562561035,,,,
5.920123100280762,7059,15,7.025304794311523,,,,
6.6690216064453125,7079,15,8.469674110412598,,,,
6.445491790771484,7099,15,7.963005542755127,,,,
6.561037063598633,7119,15,8.958958625793457,,,,
6.274580955505371,7139,15,7.574511528015137,,,,
,7151,15,,19.882373809814453,14.046904563903809,,
6.0509161949157715,7159,16,7.385543346405029,,,,
5.566317558288574,7179,16,6.019582271575928,,,,
5.830085754394531,7199,16,6.478158473968506,,,,
5.70396614074707,7219,16,6.695334434509277,,,,
5.865217208862305,7239,16,7.115904331207275,,,,
6.24552059173584,7259,16,7.913436412811279,,,,
7.299389839172363,7279,16,8.052298545837402,,,,
6.383693695068359,7299,16,8.497771263122559,,,,
6.100046157836914,7319,16,7.294641494750977,,,,
6.135237216949463,7339,16,7.635903835296631,,,,
6.236506938934326,7359,16,8.220121383666992,,,,
5.9975905418396,7379,16,6.9735260009765625,,,,
5.609275817871094,7399,16,6.063868999481201,,,,
6.36829948425293,7419,16,8.589788436889648,,,,
6.180354118347168,7439,16,7.817905426025391,,,,
5.947871685028076,7459,16,6.581434726715088,,,,
5.7640156745910645,7479,16,6.1701741218566895,,,,
6.589837074279785,7499,16,9.957117080688477,,,,
5.652398586273193,7519,16,6.360555648803711,,,,
6.201076507568359,7539,16,7.4341840744018555,,,,
6.319913387298584,7559,16,8.1654691696167,,,,
6.3969550132751465,7579,16,8.180205345153809,,,,
,7598,16,,20.065582275390625,15.447775840759277,,
6.3903679847717285,7599,17,9.018793106079102,,,,
5.578550815582275,7619,17,6.034628868103027,,,,
5.464578628540039,7639,17,5.681909084320068,,,,
5.7914252281188965,7659,17,6.3171916007995605,,,,
6.211879253387451,7679,17,7.733395099639893,,,,
6.177498817443848,7699,17,7.434170246124268,,,,
6.082583427429199,7719,17,7.229139804840088,,,,
6.135366439819336,7739,17,7.274208068847656,,,,
6.384350299835205,7759,17,8.109719276428223,,,,
6.21345329284668,7779,17,8.619477272033691,,,,
6.001301288604736,7799,17,7.068717956542969,,,,
5.571905136108398,7819,17,6.237771511077881,,,,
5.552944183349609,7839,17,6.187788009643555,,,,
5.610141277313232,7859,17,6.1965484619140625,,,,
6.212514877319336,7879,17,7.6018853187561035,,,,
6.4712371826171875,7899,17,7.976630210876465,,,,
6.12435245513916,7919,17,7.439733028411865,,,,
6.226770401000977,7939,17,7.912332057952881,,,,
5.852746963500977,7959,17,7.087701320648193,,,,
6.374106407165527,7979,17,8.025954246520996,,,,
5.773767471313477,7999,17,6.7985100746154785,,,,
5.884477615356445,8019,17,6.687446117401123,,,,
5.983971118927002,8039,17,6.944699287414551,,,,
,8045,17,,19.557554244995117,11.238308906555176,,
5.8868608474731445,8059,18,6.930966377258301,,,,
6.151364326477051,8079,18,7.89548921585083,,,,
6.124339580535889,8099,18,7.551329135894775,,,,
6.252193450927734,8119,18,7.514316558837891,,,,
5.9407501220703125,8139,18,7.38227653503418,,,,
5.690223217010498,8159,18,6.4280548095703125,,,,
5.948575019836426,8179,18,7.03174352645874,,,,
5.981501579284668,8199,18,7.070843696594238,,,,
5.83162784576416,8219,18,6.7860517501831055,,,,
6.025146961212158,8239,18,7.0988450050354,,,,
5.64346981048584,8259,18,6.5906243324279785,,,,
6.050716876983643,8279,18,7.645111083984375,,,,
6.009654998779297,8299,18,6.951084613800049,,,,
5.584722995758057,8319,18,6.0226945877075195,,,,
6.201562881469727,8339,18,8.133955955505371,,,,
5.781461715698242,8359,18,6.633635997772217,,,,
6.129568099975586,8379,18,7.21304178237915,,,,
9.70125961303711,8399,18,7.547242641448975,,,,
6.072876930236816,8419,18,7.440229415893555,,,,
5.868167877197266,8439,18,6.5389509201049805,,,,
5.876185894012451,8459,18,6.759576797485352,,,,
6.923243522644043,8479,18,8.332932472229004,,,,
,8492,18,,21.050352096557617,12.117619514465332,,
5.711930274963379,8499,19,6.4429707527160645,,,,
5.745428085327148,8519,19,6.530261993408203,,,,
5.460273265838623,8539,19,5.9131999015808105,,,,
5.759515762329102,8559,19,6.619969844818115,,,,
5.930534362792969,8579,19,7.2929792404174805,,,,
5.966101169586182,8599,19,7.173473834991455,,,,
5.938014507293701,8619,19,7.099227428436279,,,,
6.133626461029053,8639,19,7.195013999938965,,,,
5.932723522186279,8659,19,6.75015115737915,,,,
5.639131546020508,8679,19,6.062864303588867,,,,
5.8407158851623535,8699,19,6.650807857513428,,,,
6.5748162269592285,8719,19,7.101223945617676,,,,
5.653337001800537,8739,19,6.6888298988342285,,,,
5.863868713378906,8759,19,6.815215587615967,,,,
5.6512041091918945,8779,19,6.331090927124023,,,,
6.170334339141846,8799,19,7.507266044616699,,,,
6.537357330322266,8819,19,7.856016635894775,,,,
5.684282302856445,8839,19,6.400105953216553,,,,
6.194422721862793,8859,19,6.758396625518799,,,,
127.99943542480469,8879,19,14.427423477172852,,,,
5.935905456542969,8899,19,7.3036980628967285,,,,
5.9387102127075195,8919,19,7.210591793060303,,,,
5.565160274505615,8939,19,6.394467830657959,,,,
,8939,19,,19.688886642456055,13.272040367126465,,
6.047297954559326,8959,20,7.6236419677734375,,,,
5.930431365966797,8979,20,6.589894771575928,,,,
5.832153797149658,8999,20,6.7873854637146,,,,
5.715454578399658,9019,20,6.898825645446777,,,,
5.717228889465332,9039,20,6.576559066772461,,,,
5.807666778564453,9059,20,6.5962748527526855,,,,
5.507744789123535,9079,20,5.9305830001831055,,,,
5.464359283447266,9099,20,6.12223482131958,,,,
5.4348015785217285,9119,20,5.771487236022949,,,,
5.579197883605957,9139,20,6.230560302734375,,,,
6.4660964012146,9159,20,8.689714431762695,,,,
5.288107872009277,9179,20,5.245208263397217,,,,
5.55457878112793,9199,20,6.058282852172852,,,,
5.651686668395996,9219,20,6.160842418670654,,,,
5.66914701461792,9239,20,6.168025016784668,,,,
5.6201653480529785,9259,20,6.047848224639893,,,,
5.57476282119751,9279,20,5.99442720413208,,,,
5.771791458129883,9299,20,6.766778945922852,,,,
5.657270431518555,9319,20,6.557485103607178,,,,
5.664471626281738,9339,20,6.473679542541504,,,,
5.885037422180176,9359,20,6.884787559509277,,,,
5.512002468109131,9379,20,6.017901420593262,,,,
,9386,20,,19.758310317993164,12.897072792053223,,
5.431636810302734,9399,21,6.083859443664551,,,,
6.1703386306762695,9419,21,8.228219985961914,,,,
5.519843101501465,9439,21,6.234592914581299,,,,
5.855068206787109,9459,21,6.534204483032227,,,,
6.010235786437988,9479,21,6.928831577301025,,,,
5.673435211181641,9499,21,6.635800361633301,,,,
5.644236087799072,9519,21,6.3763957023620605,,,,
6.594112396240234,9539,21,7.452400207519531,,,,
6.015468120574951,9559,21,6.730128288269043,,,,
5.400629997253418,9579,21,5.668180465698242,,,,
5.720324516296387,9599,21,6.537132740020752,,,,
5.534208297729492,9619,21,6.365273952484131,,,,
5.991227626800537,9639,21,7.545487880706787,,,,
5.437570095062256,9659,21,5.993672847747803,,,,
5.640239715576172,9679,21,6.580708026885986,,,,
5.394113540649414,9699,21,5.453907012939453,,,,
5.393765449523926,9719,21,5.911597728729248,,,,
5.631603717803955,9739,21,6.373990058898926,,,,
5.719791412353516,9759,21,6.513871669769287,,,,
5.903386116027832,9779,21,7.145511627197266,,,,
6.05758810043335,9799,21,7.245277404785156,,,,
5.834697723388672,9819,21,6.564724445343018,,,,
,9833,21,,19.41749382019043,15.152530670166016,,
5.551512718200684,9839,22,5.981908321380615,,,,
5.869106769561768,9859,22,6.872951030731201,,,,
5.253766059875488,9879,22,5.369115352630615,,,,
6.623255252838135,9899,22,7.548031806945801,,,,
6.039302825927734,9919,22,7.51947021484375,,,,
5.954487323760986,9939,22,6.994584083557129,,,,
5.727855682373047,9959,22,6.705772876739502,,,,
5.814914703369141,9979,22,6.787647724151611,,,,
6.001693248748779,9999,22,7.240645885467529,,,,
5.832286357879639,10019,22,7.013033866882324,,,,
5.965496063232422,10039,22,7.325588703155518,,,,
5.820446491241455,10059,22,6.609949111938477,,,,
5.538980960845947,10079,22,6.017460346221924,,,,
5.3635759353637695,10099,22,5.51953125,,,,
5.332324981689453,10119,22,5.524535655975342,,,,
5.467154502868652,10139,22,6.16265869140625,,,,
5.701321601867676,10159,22,6.82867431640625,,,,
5.482470989227295,10179,22,5.878901958465576,,,,
5.515329837799072,10199,22,6.296443462371826,,,,
5.6452789306640625,10219,22,6.692373275756836,,,,
5.723775863647461,10239,22,6.6213788986206055,,,,
5.854765892028809,10259,22,6.804994106292725,,,,
5.848267555236816,10279,22,6.867744445800781,,,,
,10280,22,,20.029621124267578,15.718676567077637,,
5.4497528076171875,10299,23,5.71755838394165,,,,
5.35914421081543,10319,23,5.75762414932251,,,,
5.140029430389404,10339,23,5.375856876373291,,,,
6.202905654907227,10359,23,7.7086968421936035,,,,
5.641384124755859,10379,23,6.227472305297852,,,,
5.839630126953125,10399,23,6.906980991363525,,,,
5.6043596267700195,10419,23,6.414434432983398,,,,
5.598631858825684,10439,23,6.160985946655273,,,,
5.482182025909424,10459,23,6.033996105194092,,,,
5.428687572479248,10479,23,5.778130531311035,,,,
5.987970352172852,10499,23,6.812360763549805,,,,
5.583643436431885,10519,23,5.850991725921631,,,,
5.6991729736328125,10539,23,6.6428704261779785,,,,
30.746593475341797,10559,23,8.9884614944458,,,,
5.7178497314453125,10579,23,6.30610466003418,,,,
5.966896057128906,10599,23,7.093532085418701,,,,
5.516049861907959,10619,23,5.927452564239502,,,,
5.741436958312988,10639,23,6.251486778259277,,,,
5.989567756652832,10659,23,7.242904186248779,,,,
6.48898983001709,10679,23,8.60372257232666,,,,
5.914639472961426,10699,23,6.830841064453125,,,,
5.573540687561035,10719,23,6.178981304168701,,,,
,10727,23,,19.443531036376953,16.28379249572754,,
5.5304412841796875,10739,24,5.902454376220703,,,,
5.531709671020508,10759,24,6.213336944580078,,,,
5.34074592590332,10779,24,5.570621490478516,,,,
5.412415504455566,10799,24,5.941622734069824,,,,
5.482101917266846,10819,24,5.915462970733643,,,,
5.3897833824157715,10839,24,5.872273921966553,,,,
293.7279357910156,10859,24,21.44754409790039,,,,
5.297226905822754,10879,24,5.636198997497559,,,,
5.502044677734375,10899,24,6.447970390319824,,,,
5.783084392547607,10919,24,16.139875411987305,,,,
5.595623970031738,10939,24,6.404862403869629,,,,
5.643476486206055,10959,24,6.383172988891602,,,,
5.507813453674316,10979,24,7.008347511291504,,,,
5.448872089385986,10999,24,6.137997627258301,,,,
5.387897491455078,11019,24,5.597126483917236,,,,
5.764083385467529,11039,24,6.723301410675049,,,,
6.017253875732422,11059,24,7.242123603820801,,,,
5.8517632484436035,11079,24,7.074769020080566,,,,
5.446871757507324,11099,24,6.246212482452393,,,,
5.816442489624023,11119,24,6.677413463592529,,,,
5.446576118469238,11139,24,5.8509297370910645,,,,
5.610217094421387,11159,24,6.185689449310303,,,,
,11174,24,,19.89643096923828,19.321264266967773,,
5.127553462982178,11179,25,5.244115352630615,,,,
5.524101257324219,11199,25,6.061384677886963,,,,
4.805468559265137,11219,25,4.64240837097168,,,,
5.600826740264893,11239,25,5.916439533233643,,,,
5.770627021789551,11259,25,6.591115474700928,,,,
5.339589595794678,11279,25,5.5570855140686035,,,,
5.9231462478637695,11299,25,7.098331928253174,,,,
5.4772748947143555,11319,25,6.092258453369141,,,,
5.443199157714844,11339,25,5.8552398681640625,,,,
5.371210098266602,11359,25,6.118401050567627,,,,
5.170958995819092,11379,25,5.712751865386963,,,,
5.321193695068359,11399,25,5.486262321472168,,,,
5.987275123596191,11419,25,6.545283794403076,,,,
5.534523963928223,11439,25,5.8907904624938965,,,,
6.9229936599731445,11459,25,8.129312515258789,,,,
5.402022838592529,11479,25,5.866405963897705,,,,
5.582789897918701,11499,25,6.298442363739014,,,,
5.565298080444336,11519,25,6.3669962882995605,,,,
5.458189010620117,11539,25,5.923181056976318,,,,
5.2529377937316895,11559,25,5.5270891189575195,,,,
5.762364387512207,11579,25,6.496393203735352,,,,
5.581597328186035,11599,25,5.903629302978516,,,,
5.824942588806152,11619,25,6.825165748596191,,,,
,11621,25,,19.55547523498535,17.344240188598633,,
5.331421852111816,11639,26,5.672390460968018,,,,
5.7590556144714355,11659,26,6.4679107666015625,,,,
5.360718250274658,11679,26,6.101089000701904,,,,
5.53148078918457,11699,26,6.223965167999268,,,,
5.533507347106934,11719,26,6.333486557006836,,,,
5.498441219329834,11739,26,5.982902526855469,,,,
5.621162414550781,11759,26,6.2410888671875,,,,
5.373793125152588,11779,26,5.565958023071289,,,,
5.666985988616943,11799,26,6.295595645904541,,,,
60.941802978515625,11819,26,14.682191848754883,,,,
5.178860664367676,11839,26,5.392950057983398,,,,
5.971992015838623,11859,26,7.173352241516113,,,,
5.6119384765625,11879,26,6.287618160247803,,,,
5.1648359298706055,11899,26,5.52359676361084,,,,
5.598867893218994,11919,26,6.05130672454834,,,,
5.141377925872803,11939,26,5.549577713012695,,,,
5.212120532989502,11959,26,5.5490899085998535,,,,
5.65483283996582,11979,26,6.472867012023926,,,,
5.380625247955322,11999,26,5.645640850067139,,,,
5.462993144989014,12019,26,5.892642021179199,,,,
5.291747570037842,12039,26,5.926234245300293,,,,
5.792320251464844,12059,26,7.279966831207275,,,,
,12068,26,,19.729339599609375,19.76531219482422,,
5.293344497680664,12079,27,5.582305908203125,,,,
5.511897087097168,12099,27,6.507053852081299,,,,
5.527624130249023,12119,27,6.073789119720459,,,,
5.342784881591797,12139,27,5.685988903045654,,,,
5.38585901260376,12159,27,5.679986000061035,,,,
5.304799556732178,12179,27,5.713618278503418,,,,
4.872652053833008,12199,27,4.751611709594727,,,,
5.295772075653076,12219,27,5.782639503479004,,,,
5.039149284362793,12239,27,5.057607650756836,,,,
5.967123985290527,12259,27,7.766183853149414,,,,
5.319145202636719,12279,27,5.715786457061768,,,,
5.176150321960449,12299,27,5.5272698402404785,,,,
6.262132167816162,12319,27,6.9808759689331055,,,,
4.757261753082275,12339,27,4.745837688446045,,,,
5.285638809204102,12359,27,5.906370162963867,,,,
5.245734214782715,12379,27,5.789369106292725,,,,
5.596738815307617,12399,27,5.928616046905518,,,,
5.3458943367004395,12419,27,5.764678955078125,,,,
5.241128921508789,12439,27,5.44178581237793,,,,
5.103580951690674,12459,27,5.0104756355285645,,,,
5.569159507751465,12479,27,6.276856899261475,,,,
5.763525485992432,12499,27,7.213028907775879,,,,
,12515,27,,19.677154541015625,17.24635887145996,,
5.227835178375244,12519,28,5.5011467933654785,,,,
5.117142677307129,12539,28,5.197418212890625,,,,
5.7176103591918945,12559,28,6.3414387702941895,,,,
5.105986595153809,12579,28,4.982466697692871,,,,
5.329362869262695,12599,28,5.682452201843262,,,,
5.751101970672607,12619,28,7.343693256378174,,,,
5.275775909423828,12639,28,5.3990583419799805,,,,
5.3181233406066895,12659,28,5.698394775390625,,,,
434.14776611328125,12679,28,13.992147445678711,,,,
4.965876579284668,12699,28,5.098686695098877,,,,
5.445300579071045,12719,28,5.8351263999938965,,,,
5.423882484436035,12739,28,5.722569942474365,,,,
5.468207359313965,12759,28,6.114743232727051,,,,
4.9272565841674805,12779,28,5.076266288757324,,,,
5.66715145111084,12799,28,6.901174068450928,,,,
152.37615966796875,12819,28,9.437535285949707,,,,
5.5225372314453125,12839,28,6.349354267120361,,,,
5.464798927307129,12859,28,5.759331226348877,,,,
5.7478766441345215,12879,28,6.6168904304504395,,,,
5.499340057373047,12899,28,6.136413097381592,,,,
5.677692890167236,12919,28,5.872511386871338,,,,
5.40038537979126,12939,28,6.278831958770752,,,,
5.351143836975098,12959,28,5.903753280639648,,,,
,12962,28,,19.84454917907715,20.3203067779541,,
4.993276596069336,12979,29,4.969249725341797,,,,
100.69432067871094,12999,29,16.17937660217285,,,,
5.4259843826293945,13019,29,6.121191024780273,,,,
5.229373455047607,13039,29,5.739452838897705,,,,
5.57843017578125,13059,29,6.428152084350586,,,,
5.210392475128174,13079,29,5.503323554992676,,,,
5.408371925354004,13099,29,5.690799236297607,,,,
5.503945350646973,13119,29,5.833151817321777,,,,
5.360186576843262,13139,29,5.630807399749756,,,,
5.107950210571289,13159,29,5.248964786529541,,,,
260.1592102050781,13179,29,14.124947547912598,,,,
5.2319207191467285,13199,29,5.585451126098633,,,,
5.260130882263184,13219,29,5.629552841186523,,,,
5.403722763061523,13239,29,5.785306930541992,,,,
5.485883712768555,13259,29,6.206469535827637,,,,
5.4113569259643555,13279,29,5.884801387786865,,,,
5.438002109527588,13299,29,6.302449703216553,,,,
4.889588832855225,13319,29,4.881392478942871,,,,
5.469235420227051,13339,29,6.235630512237549,,,,
5.546435356140137,13359,29,6.399532794952393,,,,
5.845745086669922,13379,29,6.609721660614014,,,,
5.751759052276611,13399,29,6.640591621398926,,,,
,13409,29,,19.71634292602539,21.455162048339844,,
7.065351486206055,13419,30,7.991636276245117,,,,
5.320139408111572,13439,30,5.902001857757568,,,,
5.671474456787109,13459,30,6.628617286682129,,,,
5.0488080978393555,13479,30,5.255007266998291,,,,
5.412683010101318,13499,30,5.39522647857666,,,,
5.522621154785156,13519,30,5.919520854949951,,,,
5.395709037780762,13539,30,5.897801399230957,,,,
5.376775741577148,13559,30,5.951119422912598,,,,
5.281801223754883,13579,30,5.602700710296631,,,,
5.509873390197754,13599,30,6.276231288909912,,,,
5.254317283630371,13619,30,5.562388896942139,,,,
5.687871932983398,13639,30,6.502981185913086,,,,
5.33272647857666,13659,30,5.691575050354004,,,,
5.504350185394287,13679,30,6.159631729125977,,,,
5.1657514572143555,13699,30,5.392223834991455,,,,
5.037872791290283,13719,30,5.073875904083252,,,,
5.08244514465332,13739,30,4.841609001159668,,,,
5.573763847351074,13759,30,6.364127159118652,,,,
5.75957727432251,13779,30,6.37873649597168,,,,
5.350831508636475,13799,30,5.862142086029053,,,,
5.139055252075195,13819,30,5.636176586151123,,,,
5.188878059387207,13839,30,5.672957897186279,,,,
,13856,30,,18.911394119262695,19.70303726196289,,
4.942617416381836,13859,31,5.1517720222473145,,,,
5.234992980957031,13879,31,5.196520805358887,,,,
5.450534820556641,13899,31,5.766730785369873,,,,
5.077279090881348,13919,31,5.570682525634766,,,,
5.349159240722656,13939,31,5.543914794921875,,,,
5.80021858215332,13959,31,7.0522871017456055,,,,
5.38308048248291,13979,31,5.588335037231445,,,,
5.267376899719238,13999,31,5.770431995391846,,,,
5.301138401031494,14019,31,5.57820987701416,,,,
277.6597900390625,14039,31,20.461774826049805,,,,
5.005884647369385,14059,31,5.360328197479248,,,,
4.9845075607299805,14079,31,5.01450777053833,,,,
4.822254180908203,14099,31,4.80709171295166,,,,
5.321084976196289,14119,31,5.876509189605713,,,,
5.154705047607422,14139,31,5.2013702392578125,,,,
5.341346740722656,14159,31,5.870015621185303,,,,
4.959797382354736,14179,31,5.317351818084717,,,,
5.3881707191467285,14199,31,5.733937740325928,,,,
5.039989471435547,14219,31,4.993617057800293,,,,
5.2628397941589355,14239,31,5.610899448394775,,,,
5.081906318664551,14259,31,5.744051456451416,,,,
5.145201683044434,14279,31,5.477702617645264,,,,
5.50220251083374,14299,31,6.015926361083984,,,,
,14303,31,,19.568695068359375,19.845434188842773,,
5.4554877281188965,14319,32,6.082251071929932,,,,
5.338332176208496,14339,32,6.555837154388428,,,,
5.513577938079834,14359,32,6.0419535636901855,,,,
5.211950302124023,14379,32,5.663632392883301,,,,
4.98799991607666,14399,32,5.149203300476074,,,,
4.840757846832275,14419,32,4.780123233795166,,,,
5.045609474182129,14439,32,5.331965923309326,,,,
5.415295600891113,14459,32,6.323742389678955,,,,
5.4403581619262695,14479,32,5.67688512802124,,,,
5.402470588684082,14499,32,5.967464923858643,,,,
5.405845642089844,14519,32,5.498472213745117,,,,
5.308746814727783,14539,32,5.796741962432861,,,,
5.286176681518555,14559,32,5.392239093780518,,,,
5.1832475662231445,14579,32,5.315177917480469,,,,
5.236625671386719,14599,32,5.402259349822998,,,,
5.753252983093262,14619,32,6.306170463562012,,,,
5.794470310211182,14639,32,6.157566070556641,,,,
5.023643970489502,14659,32,5.102428913116455,,,,
5.345240592956543,14679,32,5.450860977172852,,,,
5.664215087890625,14699,32,6.240851879119873,,,,
5.293175220489502,14719,32,15.707110404968262,,,,
5.119471073150635,14739,32,5.465620040893555,,,,
,14750,32,,19.553529739379883,21.483617782592773,,
5.500783443450928,14759,33,5.765244483947754,,,,
5.644591331481934,14779,33,6.662411212921143,,,,
4.815936088562012,14799,33,4.7512125968933105,,,,
5.720625400543213,14819,33,6.4799580574035645,,,,
5.342649459838867,14839,33,5.820255756378174,,,,
5.187628746032715,14859,33,5.4499969482421875,,,,
5.084254264831543,14879,33,5.256265163421631,,,,
5.168560028076172,14899,33,5.10006046295166,,,,
5.3330817222595215,14919,33,5.6231608390808105,,,,
5.293069839477539,14939,33,5.848028659820557,,,,
5.296539306640625,14959,33,5.502384185791016,,,,
5.1238579750061035,14979,33,5.1714959144592285,,,,
5.316176414489746,14999,33,5.897846698760986,,,,
4.980132102966309,15019,33,5.11573600769043,,,,
4.816903591156006,15039,33,4.9174723625183105,,,,
4.96214485168457,15059,33,5.049498558044434,,,,
5.357417583465576,15079,33,5.761886119842529,,,,
4.6969499588012695,15099,33,4.545060157775879,,,,
4.895652770996094,15119,33,4.8429341316223145,,,,
5.1758832931518555,15139,33,5.56510591506958,,,,
4.974428653717041,15159,33,4.708991050720215,,,,
4.95743465423584,15179,33,5.343217372894287,,,,
,15197,33,,19.560928344726562,21.854820251464844,,
5.44458532333374,15199,34,6.003041744232178,,,,
5.089089393615723,15219,34,5.001896858215332,,,,
5.238107204437256,15239,34,5.774685382843018,,,,
4.844053268432617,15259,34,4.869422435760498,,,,
5.291573524475098,15279,34,5.508509635925293,,,,
4.840405464172363,15299,34,4.809650421142578,,,,
5.071469306945801,15319,34,5.1956892013549805,,,,
5.416139602661133,15339,34,5.900847911834717,,,,
5.089739799499512,15359,34,5.139947414398193,,,,
4.695379257202148,15379,34,4.798525810241699,,,,
5.139281272888184,15399,34,5.398109436035156,,,,
4.980713844299316,15419,34,5.317977428436279,,,,
5.121757507324219,15439,34,5.253480434417725,,,,
5.038329601287842,15459,34,5.295147895812988,,,,
5.404581069946289,15479,34,6.191723346710205,,,,
4.941129684448242,15499,34,4.9156341552734375,,,,
5.269791126251221,15519,34,5.569260597229004,,,,
5.311559677124023,15539,34,5.465655326843262,,,,
5.181645393371582,15559,34,5.51740837097168,,,,
5.29786491394043,15579,34,5.935207366943359,,,,
5.016584396362305,15599,34,5.101277828216553,,,,
5.085574626922607,15619,34,5.499169826507568,,,,
5.174164295196533,15639,34,5.617820739746094,,,,
,15644,34,,19.843181610107422,24.315853118896484,,
5.339754104614258,15659,35,5.744138717651367,,,,
5.0977277755737305,15679,35,5.266338348388672,,,,
5.007725238800049,15699,35,5.350527286529541,,,,
4.722236156463623,15719,35,4.517513751983643,,,,
5.3588643074035645,15739,35,5.530811309814453,,,,
5.070438385009766,15759,35,5.0639753341674805,,,,
5.342365264892578,15779,35,15.78225040435791,,,,
5.06322717666626,15799,35,5.299317836761475,,,,
5.5138444900512695,15819,35,5.840136528015137,,,,
5.450783729553223,15839,35,5.87369966506958,,,,
5.071582794189453,15859,35,5.362752914428711,,,,
5.056879043579102,15879,35,5.1796956062316895,,,,
5.179119110107422,15899,35,5.630702495574951,,,,
5.025544166564941,15919,35,5.235486030578613,,,,
4.835432052612305,15939,35,4.843154430389404,,,,
5.130096435546875,15959,35,5.490169048309326,,,,
4.928692817687988,15979,35,4.887080192565918,,,,
5.337745189666748,15999,35,5.308836460113525,,,,
5.231879711151123,16019,35,5.401571273803711,,,,
5.525784492492676,16039,35,6.234857082366943,,,,
5.448894023895264,16059,35,5.948564052581787,,,,
5.163864612579346,16079,35,5.70826530456543,,,,
,16091,35,,19.512556076049805,20.697940826416016,,
5.586540222167969,16099,36,6.297480583190918,,,,
5.249814033508301,16119,36,5.595137119293213,,,,
4.99016809463501,16139,36,5.453813552856445,,,,
5.304126739501953,16159,36,5.6352925300598145,,,,
5.157359600067139,16179,36,5.096631050109863,,,,
5.069708347320557,16199,36,5.123951435089111,,,,
4.923679828643799,16219,36,4.791011333465576,,,,
5.026179790496826,16239,36,5.271670818328857,,,,
5.0572004318237305,16259,36,5.20938777923584,,,,
5.024922847747803,16279,36,5.108455657958984,,,,
5.291609287261963,16299,36,5.301262378692627,,,,
5.2389912605285645,16319,36,5.338253974914551,,,,
5.291848182678223,16339,36,5.607547283172607,,,,
5.132101535797119,16359,36,5.108433723449707,,,,
5.761422157287598,16379,36,6.705947399139404,,,,
5.127814769744873,16399,36,5.301814556121826,,,,
5.140035629272461,16419,36,5.516814708709717,,,,
4.8392791748046875,16439,36,4.741260051727295,,,,
5.326311111450195,16459,36,6.018537521362305,,,,
5.014562606811523,16479,36,5.078623294830322,,,,
5.32689094543457,16499,36,6.03068208694458,,,,
5.381906032562256,16519,36,6.086479187011719,,,,
,16538,36,,19.506864547729492,24.044591903686523,,
5.0900702476501465,16539,37,5.175924777984619,,,,
5.509756088256836,16559,37,5.950948238372803,,,,
5.143082618713379,16579,37,5.241472244262695,,,,
5.143726825714111,16599,37,5.167159557342529,,,,
23.607633590698242,16619,37,30.78436279296875,,,,
5.278125762939453,16639,37,5.473800182342529,,,,
5.343838691711426,16659,37,5.696265697479248,,,,
5.1219916343688965,16679,37,5.457810401916504,,,,
5.243484020233154,16699,37,5.492071151733398,,,,
5.330570220947266,16719,37,5.8815178871154785,,,,
5.179200172424316,16739,37,5.130674362182617,,,,
5.204619884490967,16759,37,5.26776647567749,,,,
5.310640335083008,16779,37,5.933469295501709,,,,
4.794639587402344,16799,37,4.906809329986572,,,,
4.723518371582031,16819,37,4.72367525100708,,,,
5.223204612731934,16839,37,5.127163410186768,,,,
4.9176506996154785,16859,37,4.987308979034424,,,,
4.982624530792236,16879,37,4.948119640350342,,,,
4.9526143074035645,16899,37,4.846514701843262,,,,
5.298816680908203,16919,37,5.588582992553711,,,,
5.066091537475586,16939,37,5.24643611907959,,,,
5.046717166900635,16959,37,5.128000259399414,,,,
5.435726642608643,16979,37,5.925918102264404,,,,
,16985,37,,19.199909210205078,25.201255798339844,,
5.086643695831299,16999,38,5.470203876495361,,,,
4.954833030700684,17019,38,4.897453308105469,,,,
4.891358852386475,17039,38,4.809920787811279,,,,
4.643280506134033,17059,38,4.438629627227783,,,,
4.9005913734436035,17079,38,4.965095043182373,,,,
4.988348960876465,17099,38,4.915359020233154,,,,
4.982487201690674,17119,38,5.066166877746582,,,,
5.055685043334961,17139,38,5.590345859527588,,,,
4.9121270179748535,17159,38,5.08726692199707,,,,
5.192822456359863,17179,38,5.612668991088867,,,,
4.828317642211914,17199,38,4.910548686981201,,,,
5.23305606842041,17219,38,5.6210856437683105,,,,
4.906291484832764,17239,38,4.861217498779297,,,,
4.825074195861816,17259,38,4.9246745109558105,,,,
4.756304740905762,17279,38,4.809542655944824,,,,
4.860928058624268,17299,38,5.005073070526123,,,,
4.979988098144531,17319,38,5.173622131347656,,,,
4.95501184463501,17339,38,5.011277675628662,,,,
363.11236572265625,17359,38,12.690531730651855,,,,
5.241132736206055,17379,38,5.912588119506836,,,,
5.633233070373535,17399,38,6.6538238525390625,,,,
5.076889991760254,17419,38,5.193973541259766,,,,
,17432,38,,19.552770614624023,22.688074111938477,,
4.9330668449401855,17439,39,5.197299957275391,,,,
5.012058258056641,17459,39,5.316869258880615,,,,
5.2083821296691895,17479,39,5.573887348175049,,,,
4.742771148681641,17499,39,4.7610697746276855,,,,
5.216964244842529,17519,39,5.544461250305176,,,,
4.86591911315918,17539,39,4.714404106140137,,,,
5.30864143371582,17559,39,5.910955429077148,,,,
5.124238014221191,17579,39,5.294917106628418,,,,
5.160488605499268,17599,39,5.414876937866211,,,,
4.925222396850586,17619,39,5.341362476348877,,,,
4.914857387542725,17639,39,4.932889938354492,,,,
5.013928413391113,17659,39,5.449991226196289,,,,
5.156546592712402,17679,39,5.505630016326904,,,,
5.264096260070801,17699,39,5.789208889007568,,,,
4.915053367614746,17719,39,5.095527648925781,,,,
5.115062713623047,17739,39,5.363260746002197,,,,
4.882930755615234,17759,39,4.943841934204102,,,,
5.057948112487793,17779,39,5.144394874572754,,,,
4.919349670410156,17799,39,4.956794261932373,,,,
4.984275817871094,17819,39,5.359882831573486,,,,
4.771832466125488,17839,39,4.658010959625244,,,,
5.2108917236328125,17859,39,5.602236747741699,,,,
4.951569080352783,17879,39,4.962675094604492,,,,
,17879,39,,19.667165756225586,21.937938690185547,,
4.988546371459961,17899,40,5.244679927825928,,,,
4.950812339782715,17919,40,5.100917339324951,,,,
5.014797210693359,17939,40,5.122744560241699,,,,
4.853209495544434,17959,40,4.680944442749023,,,,
4.917313575744629,17979,40,4.978933334350586,,,,
5.130267143249512,17999,40,5.447064399719238,,,,
4.793740272521973,18019,40,4.569387912750244,,,,
4.713387489318848,18039,40,4.657871723175049,,,,
5.245868682861328,18059,40,5.369065761566162,,,,
5.030904769897461,18079,40,4.810108661651611,,,,
4.937076091766357,18099,40,5.112671852111816,,,,
4.920736312866211,18119,40,4.5943403244018555,,,,
5.319127082824707,18139,40,5.378003120422363,,,,
5.302196502685547,18159,40,5.6054158210754395,,,,
4.974095344543457,18179,40,5.080188751220703,,,,
5.33804988861084,18199,40,5.488534927368164,,,,
5.155111789703369,18219,40,5.292856693267822,,,,
4.497132301330566,18239,40,4.189177989959717,,,,
4.829403400421143,18259,40,4.839646816253662,,,,
5.1953125,18279,40,5.461474418640137,,,,
5.022061347961426,18299,40,4.8445143699646,,,,
5.273236274719238,18319,40,5.6161346435546875,,,,
,18326,40,,19.240697860717773,26.17082405090332,,
4.926647186279297,18339,41,4.978430271148682,,,,
4.910896301269531,18359,41,5.176535129547119,,,,
5.3031721115112305,18379,41,5.671431064605713,,,,
4.84022331237793,18399,41,4.905271530151367,,,,
5.467466831207275,18419,41,5.77981424331665,,,,
5.022026538848877,18439,41,5.240310192108154,,,,
5.41612434387207,18459,41,5.156787872314453,,,,
4.448099613189697,18479,41,4.27848482131958,,,,
5.103103160858154,18499,41,5.222212314605713,,,,
4.811860084533691,18519,41,16.636356353759766,,,,
5.006880760192871,18539,41,4.972100257873535,,,,
4.875988006591797,18559,41,4.999666690826416,,,,
5.075209617614746,18579,41,5.1758880615234375,,,,
4.741915225982666,18599,41,4.809415340423584,,,,
4.874356746673584,18619,41,4.668699264526367,,,,
4.65883207321167,18639,41,4.807473182678223,,,,
5.288857460021973,18659,41,6.157042980194092,,,,
4.8408427238464355,18679,41,4.98488712310791,,,,
6.042943954467773,18699,41,7.380944728851318,,,,
5.143217086791992,18719,41,5.393711566925049,,,,
5.110376358032227,18739,41,5.564820766448975,,,,
5.033877372741699,18759,41,5.2292399406433105,,,,
,18773,41,,19.209442138671875,23.319305419921875,,
4.487155437469482,18779,42,4.4156341552734375,,,,
4.793242454528809,18799,42,4.704342842102051,,,,
4.899273872375488,18819,42,4.821979999542236,,,,
5.144268035888672,18839,42,5.417608261108398,,,,
4.59749698638916,18859,42,4.575207710266113,,,,
5.102602005004883,18879,42,4.967212677001953,,,,
5.101527690887451,18899,42,5.401398658752441,,,,
4.7982378005981445,18919,42,4.716583251953125,,,,
4.978939533233643,18939,42,5.211358070373535,,,,
4.80007266998291,18959,42,4.772439956665039,,,,
5.247607707977295,18979,42,5.207672119140625,,,,
4.667669296264648,18999,42,4.358243465423584,,,,
5.112525939941406,19019,42,5.195985317230225,,,,
4.789936065673828,19039,42,4.835083484649658,,,,
5.334905624389648,19059,42,5.6928019523620605,,,,
4.983015060424805,19079,42,5.282810211181641,,,,
4.891890525817871,19099,42,4.739161491394043,,,,
4.8840532302856445,19119,42,5.137110710144043,,,,
5.066882133483887,19139,42,5.894899845123291,,,,
4.785422325134277,19159,42,4.885233402252197,,,,
4.817495346069336,19179,42,4.69531774520874,,,,
4.493282794952393,19199,42,4.482270240783691,,,,
4.725411415100098,19219,42,4.823561191558838,,,,
,19220,42,,19.655357360839844,26.390792846679688,,
5.409400463104248,19239,43,6.164373397827148,,,,
4.594017028808594,19259,43,4.485570907592773,,,,
652.7843017578125,19279,43,13.108257293701172,,,,
4.964127063751221,19299,43,5.047267913818359,,,,
5.09769344329834,19319,43,5.665329456329346,,,,
4.886987209320068,19339,43,5.621393203735352,,,,
4.62989616394043,19359,43,4.513216495513916,,,,
4.703352928161621,19379,43,4.413949012756348,,,,
5.9472455978393555,19399,43,6.328807353973389,,,,
4.689087390899658,19419,43,4.79364013671875,,,,
4.773092269897461,19439,43,4.721535682678223,,,,
4.748147964477539,19459,43,4.635210990905762,,,,
4.706509590148926,19479,43,4.726260662078857,,,,
5.218934059143066,19499,43,5.5034332275390625,,,,
4.5259013175964355,19519,43,4.374738693237305,,,,
10.585094451904297,19539,43,29.517959594726562,,,,
4.716101169586182,19559,43,4.719423294067383,,,,
4.785038471221924,19579,43,4.734185218811035,,,,
5.090687274932861,19599,43,5.261902809143066,,,,
4.521342754364014,19619,43,4.153964519500732,,,,
4.939482688903809,19639,43,5.080554485321045,,,,
5.1419291496276855,19659,43,5.2800092697143555,,,,
,19667,43,,19.692853927612305,28.18654441833496,,
4.734958171844482,19679,44,4.491537570953369,,,,
5.171014785766602,19699,44,5.593860149383545,,,,
4.732819080352783,19719,44,4.770486831665039,,,,
5.628911018371582,19739,44,5.586343288421631,,,,
4.890291690826416,19759,44,5.125356674194336,,,,
5.581137657165527,19779,44,5.569194316864014,,,,
4.742848873138428,19799,44,4.5647687911987305,,,,
4.888870716094971,19819,44,4.900478839874268,,,,
5.096375465393066,19839,44,5.762905597686768,,,,
4.7007036209106445,19859,44,4.6680450439453125,,,,
5.101592540740967,19879,44,5.395662784576416,,,,
4.785994052886963,19899,44,4.949601173400879,,,,
5.214832782745361,19919,44,5.42850923538208,,,,
5.025158882141113,19939,44,5.255623817443848,,,,
5.105284214019775,19959,44,5.490260124206543,,,,
5.205814838409424,19979,44,5.409231185913086,,,,
4.8317766189575195,19999,44,4.798964023590088,,,,
5.139298439025879,20019,44,5.387266159057617,,,,
4.983903408050537,20039,44,4.649430274963379,,,,
4.886573314666748,20059,44,4.776038646697998,,,,
4.677972793579102,20079,44,14.666228294372559,,,,
4.995216369628906,20099,44,5.163024425506592,,,,
,20114,44,,19.344959259033203,26.318599700927734,,
4.790020942687988,20119,45,4.923171520233154,,,,
5.320635795593262,20139,45,6.261006832122803,,,,
4.596329212188721,20159,45,4.58854341506958,,,,
5.128456115722656,20179,45,5.404025077819824,,,,
4.852982044219971,20199,45,5.166391849517822,,,,
4.635211944580078,20219,45,4.661044120788574,,,,
4.472848415374756,20239,45,4.193204879760742,,,,
4.8599348068237305,20259,45,4.916451454162598,,,,
5.3444719314575195,20279,45,5.566557884216309,,,,
5.0733537673950195,20299,45,5.265096664428711,,,,
5.213839530944824,20319,45,5.444579601287842,,,,
4.9828200340271,20339,45,5.095226764678955,,,,
4.665261745452881,20359,45,4.470234394073486,,,,
14.542909622192383,20379,45,8.045564651489258,,,,
4.894375801086426,20399,45,4.995737075805664,,,,
4.62043571472168,20419,45,4.6281232833862305,,,,
4.984814643859863,20439,45,5.055741786956787,,,,
4.747556686401367,20459,45,4.7037529945373535,,,,
4.7510199546813965,20479,45,4.787679672241211,,,,
5.1459760665893555,20499,45,5.423774242401123,,,,
9.418317794799805,20519,45,20.153980255126953,,,,
4.892951965332031,20539,45,4.9277024269104,,,,
5.056212425231934,20559,45,5.200572490692139,,,,
,20561,45,,20.1561279296875,25.773067474365234,,
5.1040520668029785,20579,46,15.240432739257812,,,,
5.711705207824707,20599,46,5.641571044921875,,,,
4.616849899291992,20619,46,4.4280314445495605,,,,
4.63740873336792,20639,46,14.583106994628906,,,,
5.058468818664551,20659,46,5.292113780975342,,,,
4.861977577209473,20679,46,5.739901065826416,,,,
4.864073276519775,20699,46,5.010031700134277,,,,
4.836240768432617,20719,46,4.877498626708984,,,,
4.862509727478027,20739,46,4.969239234924316,,,,
4.956686973571777,20759,46,4.687869071960449,,,,
5.059661865234375,20779,46,5.090391159057617,,,,
4.931640625,20799,46,5.066461086273193,,,,
5.175772666931152,20819,46,5.438656330108643,,,,
4.857339382171631,20839,46,4.860175132751465,,,,
5.048549652099609,20859,46,5.186718940734863,,,,
4.745299339294434,20879,46,4.835782051086426,,,,
4.65449333190918,20899,46,4.641491889953613,,,,
4.44432258605957,20919,46,4.3154401779174805,,,,
74.2464599609375,20939,46,8.725395202636719,,,,
4.529170989990234,20959,46,4.4495158195495605,,,,
5.438966274261475,20979,46,5.899123668670654,,,,
4.787467956542969,20999,46,5.3029046058654785,,,,
,21008,46,,19.289478302001953,28.441190719604492,,
4.633395195007324,21019,47,4.541640758514404,,,,
4.711259841918945,21039,47,4.783947467803955,,,,
4.553669452667236,21059,47,4.2105560302734375,,,,
5.055423259735107,21079,47,5.501501083374023,,,,
4.846307754516602,21099,47,4.88870906829834,,,,
4.642900466918945,21119,47,4.2022786140441895,,,,
4.4305572509765625,21139,47,4.466867923736572,,,,
4.98575496673584,21159,47,4.859400749206543,,,,
5.0831403732299805,21179,47,5.533165454864502,,,,
5.091777801513672,21199,47,5.224524021148682,,,,
5.10713529586792,21219,47,5.128942012786865,,,,
4.702811241149902,21239,47,4.537860870361328,,,,
5.031519412994385,21259,47,5.264161109924316,,,,
4.730120658874512,21279,47,4.845324516296387,,,,
4.895699977874756,21299,47,4.996515274047852,,,,
4.468372821807861,21319,47,4.293661594390869,,,,
5.083273410797119,21339,47,5.167327880859375,,,,
4.752928733825684,21359,47,5.206178188323975,,,,
5.143426895141602,21379,47,15.680593490600586,,,,
4.796777248382568,21399,47,4.697971820831299,,,,
4.8643269538879395,21419,47,5.271345138549805,,,,
4.781403541564941,21439,47,4.70060396194458,,,,
,21455,47,,19.697385787963867,31.106781005859375,,
4.879690170288086,21459,48,4.851076602935791,,,,
4.800358772277832,21479,48,4.775604724884033,,,,
4.3553924560546875,21499,48,4.195150375366211,,,,
5.043051719665527,21519,48,5.310877799987793,,,,
4.8933610916137695,21539,48,4.963038444519043,,,,
4.693100929260254,21559,48,4.570403575897217,,,,
5.058244228363037,21579,48,5.089024066925049,,,,
4.493645191192627,21599,48,4.148237228393555,,,,
4.914242744445801,21619,48,5.058622360229492,,,,
4.610884189605713,21639,48,4.630021572113037,,,,
6.595247268676758,21659,48,29.417951583862305,,,,
4.915023326873779,21679,48,5.084717750549316,,,,
4.924018859863281,21699,48,4.955265045166016,,,,
4.343538284301758,21719,48,4.0804972648620605,,,,
4.641209602355957,21739,48,4.546890735626221,,,,
4.746762275695801,21759,48,4.617551803588867,,,,
4.7724103927612305,21779,48,4.533748626708984,,,,
4.702635765075684,21799,48,4.299595832824707,,,,
4.616788864135742,21819,48,4.523118495941162,,,,
4.90761137008667,21839,48,5.295779228210449,,,,
5.111902236938477,21859,48,5.268476963043213,,,,
5.141602516174316,21879,48,5.676882266998291,,,,
4.784323692321777,21899,48,4.865354537963867,,,,
,21902,48,,19.715961456298828,25.928600311279297,,
4.555944919586182,21919,49,4.375631332397461,,,,
5.174644947052002,21939,49,5.5742974281311035,,,,
4.952349662780762,21959,49,5.564663410186768,,,,
4.946855545043945,21979,49,5.253705978393555,,,,
4.832499027252197,21999,49,4.87683629989624,,,,
4.603575706481934,22019,49,4.6825270652771,,,,
4.848499298095703,22039,49,4.959946155548096,,,,
4.4732346534729,22059,49,4.094912528991699,,,,
4.77473258972168,22079,49,4.657653331756592,,,,
5.036551475524902,22099,49,5.299696445465088,,,,
4.610838890075684,22119,49,4.347756385803223,,,,
5.260543346405029,22139,49,5.566535472869873,,,,
4.446742534637451,22159,49,4.468362808227539,,,,
4.566616058349609,22179,49,4.537026405334473,,,,
4.770170211791992,22199,49,4.728930950164795,,,,
5.334696292877197,22219,49,5.7991108894348145,,,,
4.5639543533325195,22239,49,4.3424072265625,,,,
4.731312274932861,22259,49,4.615228652954102,,,,
4.2895121574401855,22279,49,4.052724838256836,,,,
4.711235523223877,22299,49,4.649359703063965,,,,
4.900091171264648,22319,49,5.35184907913208,,,,
4.443019390106201,22339,49,4.285966873168945,,,,
,22349,49,,19.49571418762207,31.722965240478516,,
4.403054237365723,22359,50,4.237823486328125,,,,
4.813523769378662,22379,50,5.366575717926025,,,,
5.145298004150391,22399,50,5.441918849945068,,,,
5.625511646270752,22419,50,5.457059383392334,,,,
4.590909004211426,22439,50,4.622012138366699,,,,
5.021400451660156,22459,50,5.16486930847168,,,,
4.8549580574035645,22479,50,4.70003080368042,,,,
4.241870403289795,22499,50,3.970211982727051,,,,
4.463015556335449,22519,50,4.265622615814209,,,,
4.949904441833496,22539,50,5.274727821350098,,,,
4.832883834838867,22559,50,4.807682037353516,,,,
4.662666320800781,22579,50,4.7194390296936035,,,,
5.515864849090576,22599,50,5.386367321014404,,,,
4.508508682250977,22619,50,4.248153209686279,,,,
4.569926738739014,22639,50,4.141147136688232,,,,
4.955327033996582,22659,50,5.16036319732666,,,,
4.7062602043151855,22679,50,4.724618434906006,,,,
4.886674404144287,22699,50,5.065957546234131,,,,
5.037291526794434,22719,50,5.273563385009766,,,,
4.52992057800293,22739,50,4.441941261291504,,,,
4.892045021057129,22759,50,4.962459087371826,,,,
4.440358638763428,22779,50,4.137420177459717,,,,
,22796,50,,19.31865882873535,27.33277130126953,,
,22797,51,,,,39.19491958618164,14.766580581665039
